family,system,seed,AI2D,MMBench,MMMU,MMStar,OCRBench,RealWorldQA,macro_average,provenance,result_json
Qwen3-VL-2B,Base,,75.64766839378238,76.20274914089347,42.333,53.753921688999284,80.7,65.22875816993464,65.64434956560163,canonical paper completion,/data/Minko/experiments/reskip_paper_vlm_completion_20260824/full6/base/models__Qwen3-VL-2B-Instruct/20260824_165253_results.json
Qwen3-VL-2B,Full AttnRes,0,76.5220207253886,78.95189003436425,45.111000000000004,54.923453945183766,83.8,64.83660130718954,67.35749433535436,canonical paper completion,/data/Minko/experiments/reskip_paper_vlm_completion_20260824/full6/fullar/models__Qwen3-VL-2B-Instruct/20260824_160303_results.json
Qwen3-VL-2B,Full AttnRes,1,76.58678756476684,77.66323024054984,45.444,55.07338539975497,84.3,64.9673202614379,67.33912057775159,current matched-seed control,/data/Minko/experiments/attnres_rsm_vlm_scale_generalization_20260831/eval/controls/qwen3vl_2b_full_attnres_seed1/models__Qwen3-VL-2B-Instruct/20260831_231705_results.json
Qwen3-VL-2B,Full AttnRes,2,75.58290155440415,77.23367697594502,44.444,53.1941925953904,84.7,64.83660130718954,66.66522873882151,current matched-seed control,/data/Minko/experiments/attnres_rsm_vlm_scale_generalization_20260831/eval/controls/qwen3vl_2b_full_attnres_seed2/models__Qwen3-VL-2B-Instruct/20260831_232919_results.json
Qwen3-VL-2B,Full RSM-AttnRes,0,76.91062176165802,78.00687285223368,46.111000000000004,56.65688707026345,83.6,66.53594771241829,67.97022156609557,canonical accepted RSM seed 0,/data/Minko/experiments/attnres_residual_strength_gate_2b_20260831/full6/candidate/models__Qwen3-VL-2B-Instruct/20260831_171603_results.json
Qwen3-VL-2B,Full RSM-AttnRes,1,76.97538860103627,77.83505154639175,45.889,55.99013195386304,84.2,66.27450980392156,67.86068031753544,current formal run,/data/Minko/experiments/attnres_rsm_vlm_scale_generalization_20260831/eval/full_rsm/qwen3vl_2b_rsm_seed1/models__Qwen3-VL-2B-Instruct/20260831_220711_results.json
Qwen3-VL-2B,Full RSM-AttnRes,2,76.32772020725389,77.40549828178695,44.333,54.67063085728674,84.2,65.7516339869281,67.11474722220929,current formal run,/data/Minko/experiments/attnres_rsm_vlm_scale_generalization_20260831/eval/full_rsm/qwen3vl_2b_rsm_seed2/models__Qwen3-VL-2B-Instruct/20260831_220709_results.json
Qwen3-VL-2B,RSM-ReSkip,0,76.91062176165802,78.69415807560138,45.889,56.04890617698914,82.19999999999999,66.53594771241829,67.71310562111114,canonical device-policy quality run,/data/Minko/experiments/attnres_residual_strength_gate_2b_20260831/full6/reskip_conservative/models__Qwen3-VL-2B-Instruct/20260831_184523_results.json
Qwen3-VL-4B,Base,,81.80051813471503,83.33333333333334,50.444,61.78954968853164,82.6,71.63398692810458,71.93356468078076,current matched control,/data/Minko/experiments/attnres_rsm_vlm_scale_generalization_20260831/eval/controls/qwen3vl_4b_base/models__Qwen3-VL-4B-Instruct/20260831_225729_results.json
Qwen3-VL-4B,Full AttnRes,0,81.21761658031087,84.70790378006873,52.222,60.831897639519006,84.3,71.50326797385621,72.46378099562581,preserved exact-protocol AttnRes control,/data/Minko/experiments/_archive/reskip_precanonical_20260824/paper_vlm_exact_repro_20260819/accuracy/4b_full_ar/models__Qwen3-VL-4B-Instruct/20260819_144631_results.json
Qwen3-VL-4B,Full AttnRes,1,82.70725388601036,85.30927835051546,52.778000000000006,60.3828914370776,84.8,71.37254901960785,72.89166211553521,current matched-seed control,/data/Minko/experiments/attnres_rsm_vlm_scale_generalization_20260831/eval/controls/qwen3vl_4b_full_attnres_seed1/models__Qwen3-VL-4B-Instruct/20260831_234911_results.json
Qwen3-VL-4B,Full AttnRes,2,82.38341968911918,85.39518900343643,51.666999999999994,62.02221897144411,85.5,72.02614379084967,73.16566190914156,current matched-seed control,/data/Minko/experiments/attnres_rsm_vlm_scale_generalization_20260831/eval/controls/qwen3vl_4b_full_attnres_seed2/models__Qwen3-VL-4B-Instruct/20260831_234933_results.json
Qwen3-VL-4B,Full RSM-AttnRes,0,82.28626943005182,83.93470790378007,51.111,62.041674915399234,85.3,72.54901960784314,72.87044530951238,current formal run,/data/Minko/experiments/attnres_rsm_vlm_scale_generalization_20260831/eval/full_rsm/qwen3vl_4b_rsm_seed0/models__Qwen3-VL-4B-Instruct/20260831_220711_results.json
Qwen3-VL-4B,Full RSM-AttnRes,1,82.70725388601036,84.45017182130584,51.888999999999996,62.097438170338336,85.5,72.02614379084967,73.1116679447507,current formal run,/data/Minko/experiments/attnres_rsm_vlm_scale_generalization_20260831/eval/full_rsm/qwen3vl_4b_rsm_seed1/models__Qwen3-VL-4B-Instruct/20260831_220712_results.json
Qwen3-VL-4B,Full RSM-AttnRes,2,82.80440414507773,83.93470790378007,51.444,62.80751113184769,85.6,72.94117647058823,73.25529994188228,current formal run,/data/Minko/experiments/attnres_rsm_vlm_scale_generalization_20260831/eval/full_rsm/qwen3vl_4b_rsm_seed2/models__Qwen3-VL-4B-Instruct/20260831_220710_results.json
Qwen3-VL-4B,RSM-ReSkip aggressive (failed),0,82.28626943005182,83.8487972508591,50.778,61.85808615422428,78.9,72.2875816993464,71.65978908908026,preserved failed formal policy; exceeded quality-loss gate,/data/Minko/experiments/attnres_rsm_vlm_scale_generalization_20260831/eval/reskip/qwen3vl_4b_seed0/models__Qwen3-VL-4B-Instruct/20260831_233321_results.json
Qwen3-VL-4B,RSM-ReSkip,2,82.80440414507773,84.02061855670104,51.222,62.370319734571275,84.8,72.81045751633987,73.00463332544832,final capped-policy confirmatory run,/data/Minko/experiments/attnres_rsm_vlm_scale_generalization_20260831/eval/reskip/qwen3vl_4b_seed2_capped/models__Qwen3-VL-4B-Instruct/20260901_010801_results.json
SmolVLM2-2.2B,Base,,66.35362694300518,68.04123711340206,35.778,44.54837336339649,60.199999999999996,58.43137254901961,55.558768328137226,preserved matched six-task control,/data/Minko/experiments/_archive/reskip_precanonical_20260824/ar_retrofit_v2_20260814/evaluation/smolvlm2_transfer_screen_5k/Frozen_Base/vlm/models__SmolVLM2-2.2B-Instruct/20260815_045454_results.json
SmolVLM2-2.2B,Full AttnRes,0,66.48316062176166,67.09621993127148,35.888999999999996,43.55815708230962,61.7,58.30065359477125,55.504531871685664,Amendment-009 accepted matched-seed control,/data/Minko/experiments/attnres_rsm_vlm_scale_generalization_20260831/eval/controls/smolvlm2_2p2b_full_attnres_lr1e3_noent_5k_seed0/models__SmolVLM2-2.2B-Instruct/20260901_094740_results.json
SmolVLM2-2.2B,Full RSM-AttnRes,0,66.41839378238342,67.86941580756015,35.778,43.76349422488205,62.0,59.08496732026144,55.819045189181175,Amendment-009 accepted three-seed RSM confirmation,/data/Minko/experiments/attnres_rsm_vlm_scale_generalization_20260831/eval/full_rsm_lr1e3_noent/smolvlm2_2p2b_rsm_lr1e3_noent_5k_seed0/models__SmolVLM2-2.2B-Instruct/20260901_094800_results.json
SmolVLM2-2.2B,Full AttnRes,1,66.22409326424871,67.9553264604811,35.443999999999996,43.38597720232774,61.8,56.86274509803921,55.27869033751613,Amendment-009 accepted matched-seed control,/data/Minko/experiments/attnres_rsm_vlm_scale_generalization_20260831/eval/controls/smolvlm2_2p2b_full_attnres_lr1e3_noent_5k_seed1/models__SmolVLM2-2.2B-Instruct/20260901_115829_results.json
SmolVLM2-2.2B,Full RSM-AttnRes,1,65.96502590673575,67.86941580756015,36.333,44.256333099801395,60.9,58.16993464052288,55.58228490910336,Amendment-009 accepted three-seed RSM confirmation,/data/Minko/experiments/attnres_rsm_vlm_scale_generalization_20260831/eval/full_rsm_lr1e3_noent/smolvlm2_2p2b_rsm_lr1e3_noent_5k_seed1/models__SmolVLM2-2.2B-Instruct/20260901_115659_results.json
SmolVLM2-2.2B,Full AttnRes,2,65.8678756476684,67.9553264604811,34.888999999999996,43.113538677697136,60.199999999999996,56.99346405228758,54.836534139689036,Amendment-009 accepted matched-seed control,/data/Minko/experiments/attnres_rsm_vlm_scale_generalization_20260831/eval/controls/smolvlm2_2p2b_full_attnres_lr1e3_noent_5k_seed2/models__SmolVLM2-2.2B-Instruct/20260901_120100_results.json
SmolVLM2-2.2B,Full RSM-AttnRes,2,66.41839378238342,68.29896907216495,35.888999999999996,43.267755617461134,60.3,57.90849673202615,55.347102534005934,Amendment-009 accepted three-seed RSM confirmation,/data/Minko/experiments/attnres_rsm_vlm_scale_generalization_20260831/eval/full_rsm_lr1e3_noent/smolvlm2_2p2b_rsm_lr1e3_noent_5k_seed2/models__SmolVLM2-2.2B-Instruct/20260901_120130_results.json
InternVL3.5-2B,Base,,75.90673575129534,77.14776632302406,49.333,59.32653813190476,83.1,60.65359477124183,67.577939162911,preserved matched six-task control,/data/Minko/experiments/_archive/reskip_precanonical_20260824/ar_retrofit_v2_20260814/evaluation/internvl35_transfer_screen_5k/Frozen_Base/vlm/models__InternVL3_5-2B-HF/20260815_082851_results.json
InternVL3.5-2B,Full AttnRes,0,75.51813471502591,76.46048109965635,49.667,59.14019417838401,83.3,61.568627450980394,67.60907290734112,current clean matched control,/data/Minko/experiments/attnres_rsm_vlm_scale_generalization_20260831/eval/controls/internvl3p5_2b_full_attnres_seed0/models__InternVL3_5-2B-HF/20260901_005319_results.json
InternVL3.5-2B,Full RSM-AttnRes,0,75.51813471502591,76.46048109965635,49.778,59.229537556437975,82.69999999999999,60.91503267973856,67.43353100847646,current formal run,/data/Minko/experiments/attnres_rsm_vlm_scale_generalization_20260831/eval/full_rsm/internvl3p5_2b_rsm_lr2e4_5k_seed0/models__InternVL3_5-2B-HF/20260831_222723_results.json
